Customer_ID,Segment,Division,District
CUS-00001,B2C,Dhaka,Narayanganj
CUS-00002,B2C,Mymensingh,Jamalpur
CUS-00003,B2C,Khulna,Jessore
CUS-00005,B2C,Mymensingh,Mymensingh
CUS-00008,B2C,Chittagong,Feni
CUS-00009,B2C,Barishal,Patuakhali
CUS-00010,B2C,Dhaka,Narayanganj
CUS-00012,B2C,Dhaka,Gazipur
CUS-00014,B2C,Rajshahi,Pabna
CUS-00017,B2C,Chittagong,Feni
CUS-00021,B2C,Dhaka,Dhaka
CUS-00024,B2B,Dhaka,Gazipur
CUS-00025,B2C,Chittagong,Cox's Bazar
CUS-00026,B2B,Dhaka,Dhaka
CUS-00028,B2C,Barishal,Bhola
CUS-00031,B2C,Khulna,Khulna
CUS-00034,B2C,Chittagong,Chittagong
CUS-00035,B2C,Chittagong,Chittagong
CUS-00036,B2C,Dhaka,Gazipur
CUS-00039,B2B,Dhaka,Gazipur
CUS-00041,B2C,Mymensingh,Mymensingh
CUS-00042,B2C,Chittagong,Cumilla
CUS-00044,B2C,Barishal,Barishal
CUS-00046,B2C,Khulna,Khulna
CUS-00047,B2B,Sylhet,Habiganj
CUS-00048,B2C,Barishal,
CUS-00050,B2C,Chittagong,Feni
CUS-00051,B2C,Chittagong,Feni
CUS-00052,B2C,Mymensingh,Netrokona
CUS-00053,B2C,Rajshahi,Pabna
CUS-00054,B2C,Dhaka,Narayanganj
CUS-00056,B2C,Chittagong,Chittagong
CUS-00060,B2C,Barishal,Barishal
CUS-00061,B2C,Dhaka,Dhaka
CUS-00062,B2B,Sylhet,Moulvibazar
CUS-00063,B2C,Chittagong,Chittagong
CUS-00068,B2C,Chittagong,Cumilla
CUS-00070,B2C,Dhaka,Narayanganj
CUS-00071,B2C,Dhaka,Gazipur
CUS-00074,B2C,Sylhet,Habiganj
CUS-00075,B2B,Chittagong,Chittagong
CUS-00076,B2C,Dhaka,Gazipur
CUS-00077,B2C,Dhaka,Gazipur
CUS-00079,B2C,Rangpur,Kurigram
CUS-00080,B2C,Dhaka,Gazipur
CUS-00081,B2C,Mymensingh,Jamalpur
CUS-00087,B2C,Mymensingh,Jamalpur
CUS-00088,B2C,Dhaka,Dhaka
CUS-00089,B2C,Dhaka,Dhaka
CUS-00092,B2C,Dhaka,Narayanganj
CUS-00093,B2C,Dhaka,Tangail
CUS-00094,B2C,Dhaka,Tangail
CUS-00095,B2B,Sylhet,Habiganj
CUS-00096,B2C,Dhaka,Dhaka
CUS-00097,B2C,Chittagong,Chittagong
CUS-00103,B2C,Rajshahi,Bogura
CUS-00105,B2C,Chittagong,Feni
CUS-00108,B2C,Chittagong,Feni
CUS-00112,B2C,Khulna,Khulna
CUS-00113,B2C,Rangpur,Rangpur
CUS-00114,B2C,Mymensingh,Mymensingh
CUS-00115,B2C,Chittagong,Cumilla
CUS-00116,B2C,Chittagong,Chittagong
CUS-00117,B2C,Dhaka,Gazipur
CUS-00119,B2C,Dhaka,Dhaka
CUS-00121,B2B,Dhaka,Tangail
CUS-00122,B2C,Dhaka,Dhaka
CUS-00123,B2C,Chittagong,Feni
CUS-00126,B2C,Khulna,Jessore
CUS-00127,B2C,Dhaka,Gazipur
CUS-00128,B2C,Dhaka,Gazipur
CUS-00132,B2C,Dhaka,Tangail
CUS-00135,B2B,Mymensingh,Jamalpur
CUS-00136,B2C,Rangpur,Dinajpur
CUS-00140,B2C,Dhaka,Tangail
CUS-00141,B2C,Sylhet,Sylhet
CUS-00142,B2C,Rangpur,Rangpur
CUS-00143,B2C,Dhaka,Tangail
CUS-00145,B2C,Mymensingh,Netrokona
CUS-00148,B2C,Dhaka,Dhaka
CUS-00151,B2C,Rajshahi,Pabna
CUS-00153,B2C,Dhaka,Dhaka
CUS-00154,B2C,Chittagong,Cox's Bazar
CUS-00155,B2B,Chittagong,Feni
CUS-00156,B2C,Chittagong,Cox's Bazar
CUS-00157,B2C,Dhaka,Narayanganj
CUS-00158,B2B,Mymensingh,Jamalpur
CUS-00160,B2C,Chittagong,Chittagong
CUS-00161,B2C,Khulna,Khulna
CUS-00162,B2C,Dhaka,Dhaka
CUS-00164,B2C,Rajshahi,Rajshahi
CUS-00166,B2B,Mymensingh,Jamalpur
CUS-00167,B2C,Khulna,Jessore
CUS-00170,B2C,Dhaka,Tangail
CUS-00171,B2C,Chittagong,Cox's Bazar
CUS-00173,B2C,Chittagong,Chittagong
CUS-00174,B2C,Sylhet,Habiganj
CUS-00175,B2C,Chittagong,Chittagong
CUS-00177,B2C,Khulna,
CUS-00178,B2C,Dhaka,Narayanganj
CUS-00179,B2C,Sylhet,Moulvibazar
CUS-00180,B2C,Dhaka,Gazipur
CUS-00183,B2B,Dhaka,Gazipur
CUS-00184,B2C,Dhaka,Tangail
CUS-00186,B2C,Chittagong,Chittagong
CUS-00187,B2B,Chittagong,Cumilla
CUS-00192,B2B,Chittagong,Cox's Bazar
CUS-00193,B2C,Barishal,Patuakhali
CUS-00194,B2C,Khulna,Satkhira
CUS-00195,B2C,Rajshahi,Pabna
CUS-00197,B2C,Dhaka,Dhaka
CUS-00198,B2C,Chittagong,Cox's Bazar
CUS-00199,B2B,Chittagong,Cumilla
CUS-00200,B2C,Barishal,Barishal
CUS-00201,B2C,Dhaka,Tangail
CUS-00204,B2B,Dhaka,Gazipur
CUS-00207,B2C,Mymensingh,Netrokona
CUS-00208,B2C,Chittagong,Feni
CUS-00210,B2C,Chittagong,Cumilla
CUS-00212,B2C,Dhaka,Narayanganj
CUS-00213,B2C,Rajshahi,Pabna
CUS-00214,B2C,Dhaka,Narayanganj
CUS-00216,B2C,Chittagong,Cox's Bazar
CUS-00217,B2C,Dhaka,Gazipur
CUS-00218,B2C,Dhaka,Dhaka
CUS-00219,B2C,Chittagong,Chittagong
CUS-00220,B2C,Dhaka,Gazipur
CUS-00222,B2C,Dhaka,Dhaka
CUS-00224,B2C,Chittagong,Feni
CUS-00226,B2C,Khulna,Jessore
CUS-00227,B2C,Mymensingh,Jamalpur
CUS-00228,B2C,Dhaka,Dhaka
CUS-00229,B2C,Rajshahi,Bogura
CUS-00231,B2C,Khulna,Khulna
CUS-00233,B2C,Khulna,Satkhira
CUS-00234,B2C,Dhaka,Dhaka
CUS-00236,B2B,Rajshahi,Bogura
CUS-00237,B2B,Dhaka,Gazipur
CUS-00241,B2C,Chittagong,Chittagong
CUS-00242,B2C,Dhaka,Narayanganj
CUS-00243,B2B,Dhaka,Gazipur
CUS-00244,B2B,Rangpur,Kurigram
CUS-00246,B2C,Dhaka,Dhaka
CUS-00248,B2C,Khulna,Jessore
CUS-00249,B2C,Chittagong,Feni
CUS-00250,B2C,Dhaka,Gazipur
CUS-00252,B2C,Dhaka,Gazipur
CUS-00253,B2C,Dhaka,Narayanganj
CUS-00256,B2C,Dhaka,Dhaka
CUS-00257,B2C,Dhaka,Gazipur
CUS-00258,B2C,Chittagong,Chittagong
CUS-00259,B2C,Mymensingh,Jamalpur
CUS-00261,B2C,Sylhet,Habiganj
CUS-00262,B2C,Dhaka,Narayanganj
CUS-00264,B2C,Dhaka,Narayanganj
CUS-00265,B2C,Dhaka,Narayanganj
CUS-00266,B2C,Chittagong,Chittagong
CUS-00267,B2C,Sylhet,Habiganj
CUS-00268,B2C,Barishal,Patuakhali
CUS-00271,B2B,Rajshahi,Rajshahi
CUS-00272,B2B,Dhaka,Narayanganj
CUS-00273,B2B,Dhaka,Narayanganj
CUS-00274,B2C,Rajshahi,Bogura
CUS-00276,B2C,Chittagong,Feni
CUS-00277,B2C,Dhaka,Narayanganj
CUS-00278,B2C,Rajshahi,Rajshahi
CUS-00279,B2C,Rajshahi,Rajshahi
CUS-00280,B2C,Dhaka,Narayanganj
CUS-00281,B2C,Sylhet,Sylhet
CUS-00283,B2C,Chittagong,Chittagong
CUS-00289,B2C,Khulna,Satkhira
CUS-00290,B2C,Rangpur,Rangpur
CUS-00293,B2C,Chittagong,Cox's Bazar
CUS-00297,B2C,Khulna,Satkhira
CUS-00299,B2C,Chittagong,Chittagong
CUS-00302,B2C,Dhaka,Gazipur
CUS-00303,B2C,Dhaka,Gazipur
CUS-00304,B2C,Chittagong,Feni
CUS-00305,B2C,Dhaka,Gazipur
CUS-00306,B2C,Dhaka,Tangail
CUS-00309,B2C,Dhaka,Tangail
CUS-00312,B2C,Rangpur,Rangpur
CUS-00314,B2B,Rajshahi,Bogura
CUS-00315,B2C,Dhaka,Narayanganj
CUS-00317,B2C,Sylhet,Habiganj
CUS-00319,B2C,Dhaka,Dhaka
CUS-00320,B2C,Khulna,Jessore
CUS-00321,B2C,Sylhet,Sylhet
CUS-00322,B2C,Khulna,Satkhira
CUS-00323,B2C,Khulna,Jessore
CUS-00325,B2C,Chittagong,Feni
CUS-00326,B2B,Dhaka,Tangail
CUS-00327,B2C,Khulna,Khulna
CUS-00328,B2B,Dhaka,Narayanganj
CUS-00329,B2C,Chittagong,Cox's Bazar
CUS-00331,B2C,Chittagong,Chittagong
CUS-00332,B2C,Dhaka,Dhaka
CUS-00337,B2C,Dhaka,Dhaka
CUS-00338,B2C,Barishal,Barishal
CUS-00341,B2C,Dhaka,Gazipur
CUS-00345,B2C,Khulna,Jessore
CUS-00346,B2C,Dhaka,Tangail
CUS-00347,B2C,Dhaka,Gazipur
CUS-00350,B2B,Dhaka,Dhaka
CUS-00351,B2C,Dhaka,Gazipur
CUS-00352,B2C,Chittagong,Cox's Bazar
CUS-00353,B2C,Rangpur,Rangpur
CUS-00354,B2C,Khulna,Satkhira
CUS-00356,B2C,Rajshahi,Bogura
CUS-00359,B2C,Dhaka,Dhaka
CUS-00360,B2C,Khulna,Jessore
CUS-00361,B2C,Dhaka,Narayanganj
CUS-00362,B2C,Mymensingh,Netrokona
CUS-00363,B2C,Dhaka,Dhaka
CUS-00364,B2B,Dhaka,Gazipur
CUS-00365,B2C,Rangpur,Dinajpur
CUS-00366,B2C,Dhaka,Tangail
CUS-00367,B2C,Rajshahi,Pabna
CUS-00368,B2C,Rajshahi,Rajshahi
CUS-00374,B2C,Khulna,Jessore
CUS-00377,B2C,Khulna,Satkhira
CUS-00379,B2C,Rangpur,Rangpur
CUS-00382,B2C,Dhaka,Dhaka
CUS-00383,B2C,Sylhet,Sylhet
CUS-00384,B2C,Rajshahi,Bogura
CUS-00385,B2C,Chittagong,Chittagong
CUS-00386,B2B,Dhaka,Gazipur
CUS-00389,B2C,Rangpur,Rangpur
CUS-00391,B2C,Dhaka,Narayanganj
CUS-00392,B2C,Chittagong,Chittagong
CUS-00393,B2C,Dhaka,Narayanganj
CUS-00394,B2C,Mymensingh,Mymensingh
CUS-00396,B2C,Chittagong,Feni
CUS-00397,B2C,Dhaka,Narayanganj
CUS-00400,B2B,Rajshahi,Rajshahi
CUS-00401,B2C,Dhaka,Tangail
CUS-00402,B2C,Dhaka,Dhaka
CUS-00403,B2C,Dhaka,Tangail
CUS-00404,B2C,Khulna,Jessore
CUS-00406,B2C,Khulna,Khulna
CUS-00407,B2B,Barishal,Patuakhali
CUS-00409,B2C,Chittagong,Chittagong
CUS-00411,B2C,Dhaka,Dhaka
CUS-00412,B2C,Khulna,Jessore
CUS-00413,B2C,Sylhet,Moulvibazar
CUS-00415,B2C,Chittagong,Cox's Bazar
CUS-00416,B2C,Sylhet,Sylhet
CUS-00419,B2C,Chittagong,Chittagong
CUS-00420,B2C,Dhaka,Gazipur
CUS-00421,B2C,Dhaka,Dhaka
CUS-00422,B2C,Rangpur,Kurigram
CUS-00428,B2C,Dhaka,Dhaka
CUS-00431,B2C,Rajshahi,Rajshahi
CUS-00432,B2C,Khulna,Jessore
CUS-00436,B2C,Dhaka,Gazipur
CUS-00438,B2B,Sylhet,Habiganj
CUS-00439,B2C,Dhaka,Dhaka
CUS-00442,B2B,Sylhet,Moulvibazar
CUS-00445,B2C,Khulna,Satkhira
CUS-00446,B2C,Dhaka,Tangail
CUS-00447,B2C,Dhaka,Gazipur
CUS-00448,B2C,Rajshahi,Bogura
CUS-00449,B2C,Khulna,Jessore
CUS-00451,B2C,Rajshahi,Bogura
CUS-00452,B2C,Khulna,Satkhira
CUS-00454,B2C,Dhaka,Dhaka
CUS-00458,B2C,Barishal,Bhola
CUS-00461,B2C,Dhaka,Gazipur
CUS-00462,B2C,Dhaka,Dhaka
CUS-00463,B2C,Sylhet,Moulvibazar
CUS-00465,B2C,Khulna,Khulna
CUS-00468,B2B,Sylhet,Moulvibazar
CUS-00469,B2C,Dhaka,Dhaka
CUS-00470,B2C,Rajshahi,Bogura
CUS-00472,B2C,Dhaka,Tangail
CUS-00474,B2C,Dhaka,Tangail
CUS-00475,B2C,Rangpur,Kurigram
CUS-00476,B2C,Dhaka,Dhaka
CUS-00478,B2C,Dhaka,Tangail
CUS-00479,B2C,Rajshahi,Pabna
CUS-00480,B2B,Dhaka,Narayanganj
CUS-00481,B2C,Dhaka,Gazipur
CUS-00483,B2C,Rangpur,Rangpur
CUS-00484,B2C,Dhaka,Narayanganj
CUS-00485,B2C,Dhaka,Tangail
CUS-00486,B2C,Rajshahi,Bogura
CUS-00488,B2C,Rangpur,Rangpur
CUS-00489,B2C,Dhaka,Narayanganj
CUS-00490,B2C,Khulna,Khulna
CUS-00492,B2B,Dhaka,Narayanganj
CUS-00494,B2C,Khulna,Jessore
CUS-00495,B2C,Rajshahi,Pabna
CUS-00497,B2B,Chittagong,Chittagong
CUS-00498,B2C,Chittagong,Cumilla
CUS-00499,B2C,Mymensingh,Netrokona
CUS-00500,B2C,Dhaka,Narayanganj
CUS-00501,B2C,Dhaka,
CUS-00502,B2C,Dhaka,Dhaka
CUS-00504,B2C,Dhaka,Narayanganj
CUS-00505,B2C,Rangpur,Dinajpur
CUS-00507,B2C,Barishal,Patuakhali
CUS-00508,B2C,Dhaka,Gazipur
CUS-00509,B2C,Khulna,Khulna
CUS-00510,B2C,Barishal,Barishal
CUS-00511,B2C,Dhaka,Gazipur
CUS-00512,B2C,Mymensingh,Mymensingh
CUS-00513,B2C,Chittagong,Cumilla
CUS-00514,B2C,Rangpur,Kurigram
CUS-00518,B2C,Dhaka,Dhaka
CUS-00519,B2C,Dhaka,Narayanganj
CUS-00521,B2C,Dhaka,Dhaka
CUS-00523,B2C,Sylhet,Habiganj
CUS-00524,B2C,Dhaka,Narayanganj
CUS-00526,B2C,Khulna,Khulna
CUS-00527,B2C,Dhaka,Dhaka
CUS-00530,B2C,Rangpur,Dinajpur
CUS-00531,B2C,Sylhet,Sylhet
CUS-00532,B2C,Dhaka,Gazipur
CUS-00533,B2B,Khulna,Jessore
CUS-00534,B2C,Chittagong,Cumilla
CUS-00535,B2C,Khulna,Jessore
CUS-00536,B2C,Rajshahi,Bogura
CUS-00537,B2C,Khulna,Satkhira
CUS-00539,B2C,Dhaka,Dhaka
CUS-00541,B2C,Barishal,Bhola
CUS-00542,B2B,Chittagong,Feni
CUS-00544,B2C,Mymensingh,Jamalpur
CUS-00548,B2C,Mymensingh,Jamalpur
CUS-00550,B2C,Rajshahi,Bogura
CUS-00551,B2C,Dhaka,Dhaka
CUS-00552,B2C,Sylhet,Habiganj
CUS-00554,B2C,Sylhet,Sylhet
CUS-00555,B2C,Rangpur,Dinajpur
CUS-00556,B2C,Chittagong,Chittagong
CUS-00559,B2C,Chittagong,Cumilla
CUS-00561,B2C,Rajshahi,Pabna
CUS-00562,B2C,Rangpur,Kurigram
CUS-00565,B2C,Barishal,Patuakhali
CUS-00566,B2C,Rajshahi,Bogura
CUS-00568,B2C,Dhaka,Narayanganj
CUS-00569,B2C,Dhaka,Dhaka
CUS-00570,B2C,Rangpur,Rangpur
CUS-00572,B2C,Rajshahi,Bogura
CUS-00575,B2C,Dhaka,Dhaka
CUS-00576,B2C,Dhaka,Dhaka
CUS-00578,B2B,Dhaka,Gazipur
CUS-00581,B2C,Khulna,Khulna
CUS-00582,B2C,Chittagong,Chittagong
CUS-00583,B2C,Khulna,Jessore
CUS-00584,B2C,Dhaka,Gazipur
CUS-00585,B2C,Dhaka,Dhaka
CUS-00587,B2C,Dhaka,Tangail
CUS-00592,B2B,Khulna,Jessore
CUS-00593,B2B,Mymensingh,Netrokona
CUS-00595,B2C,Chittagong,Chittagong
CUS-00596,B2C,Sylhet,Sylhet
CUS-00597,B2B,Dhaka,Dhaka
CUS-00598,B2B,Mymensingh,Mymensingh
CUS-00599,B2C,Mymensingh,Netrokona
CUS-00607,B2C,Dhaka,Tangail
CUS-00608,B2C,Mymensingh,Jamalpur
CUS-00610,B2C,Chittagong,Cox's Bazar
CUS-00611,B2C,Dhaka,Tangail
CUS-00612,B2C,Mymensingh,Jamalpur
CUS-00615,B2C,Dhaka,Dhaka
CUS-00616,B2C,Dhaka,Dhaka
CUS-00619,B2C,Rangpur,Dinajpur
CUS-00620,B2C,Chittagong,Cumilla
CUS-00622,B2C,Chittagong,Cox's Bazar
CUS-00624,B2C,Rajshahi,Pabna
CUS-00625,B2C,Dhaka,Narayanganj
CUS-00627,B2C,Khulna,Jessore
CUS-00628,B2C,Dhaka,Gazipur
CUS-00631,B2C,Mymensingh,Netrokona
CUS-00632,B2C,Chittagong,Cumilla
CUS-00634,B2C,Chittagong,Chittagong
CUS-00636,B2C,Khulna,Jessore
CUS-00639,B2C,Khulna,
CUS-00644,B2C,Dhaka,Dhaka
CUS-00646,B2C,Dhaka,Tangail
CUS-00647,B2C,Dhaka,Narayanganj
CUS-00648,B2C,Rajshahi,Bogura
CUS-00649,B2B,Dhaka,Gazipur
CUS-00650,B2C,Chittagong,Cumilla
CUS-00652,B2C,Rangpur,Kurigram
CUS-00653,B2C,Barishal,Barishal
CUS-00654,B2C,Barishal,Patuakhali
CUS-00659,B2C,Dhaka,Tangail
CUS-00660,B2B,Khulna,Khulna
CUS-00662,B2C,Chittagong,Cumilla
CUS-00663,B2C,Dhaka,Dhaka
CUS-00671,B2C,Dhaka,Narayanganj
CUS-00672,B2C,Dhaka,Tangail
CUS-00676,B2C,Dhaka,Dhaka
CUS-00678,B2C,Khulna,Satkhira
CUS-00679,B2C,Chittagong,Cumilla
CUS-00680,B2C,Chittagong,Cox's Bazar
CUS-00681,B2C,Dhaka,Dhaka
CUS-00684,B2B,Mymensingh,Netrokona
CUS-00685,B2C,Chittagong,Chittagong
CUS-00686,B2C,Chittagong,Chittagong
CUS-00688,B2C,Rangpur,Rangpur
CUS-00689,B2B,Sylhet,Habiganj
CUS-00692,B2B,Khulna,Khulna
CUS-00693,B2C,Chittagong,Cox's Bazar
CUS-00696,B2C,Dhaka,Tangail
CUS-00697,B2C,Rangpur,Dinajpur
CUS-00699,B2C,Rangpur,Dinajpur
CUS-00701,B2C,Khulna,Jessore
CUS-00702,B2B,Chittagong,Chittagong
CUS-00706,B2C,Khulna,Jessore
CUS-00707,B2C,Chittagong,Chittagong
CUS-00708,B2C,Sylhet,Sylhet
CUS-00710,B2C,Dhaka,Narayanganj
CUS-00711,B2C,Chittagong,Cox's Bazar
CUS-00712,B2C,Rangpur,Kurigram
CUS-00713,B2C,Rajshahi,Pabna
CUS-00716,B2C,Dhaka,Gazipur
CUS-00717,B2C,Mymensingh,Jamalpur
CUS-00718,B2C,Khulna,Jessore
CUS-00720,B2C,Khulna,Khulna
CUS-00721,B2C,Dhaka,Dhaka
CUS-00726,B2C,Rajshahi,Rajshahi
CUS-00728,B2C,Khulna,Jessore
CUS-00732,B2C,Dhaka,Narayanganj
CUS-00733,B2C,Dhaka,Narayanganj
CUS-00736,B2C,Rajshahi,Bogura
CUS-00738,B2C,Dhaka,Tangail
CUS-00739,B2C,Dhaka,Narayanganj
CUS-00740,B2C,Dhaka,Tangail
CUS-00743,B2C,Dhaka,Dhaka
CUS-00744,B2C,Barishal,Patuakhali
CUS-00746,B2C,Dhaka,Tangail
CUS-00747,B2C,Dhaka,Tangail
CUS-00748,B2C,Dhaka,Dhaka
CUS-00749,B2C,Rajshahi,Bogura
CUS-00750,B2C,Sylhet,Sylhet
CUS-00752,B2C,Dhaka,Tangail
CUS-00753,B2B,Sylhet,Sylhet
CUS-00754,B2C,Khulna,Jessore
CUS-00755,B2C,Dhaka,Narayanganj
CUS-00756,B2C,Khulna,Jessore
CUS-00757,B2C,Dhaka,Dhaka
CUS-00759,B2C,Rajshahi,Pabna
CUS-00760,B2C,Sylhet,Moulvibazar
CUS-00762,B2C,Rangpur,Rangpur
CUS-00766,B2C,Barishal,Bhola
CUS-00767,B2C,Barishal,Patuakhali
CUS-00768,B2C,Dhaka,Tangail
CUS-00769,B2C,Rangpur,Kurigram
CUS-00770,B2C,Sylhet,Moulvibazar
CUS-00772,B2C,Dhaka,Gazipur
CUS-00775,B2C,Dhaka,Dhaka
CUS-00778,B2C,Dhaka,Narayanganj
CUS-00780,B2C,Khulna,Satkhira
CUS-00782,B2C,Dhaka,Narayanganj
CUS-00783,B2C,Mymensingh,Jamalpur
CUS-00786,B2B,Dhaka,Tangail
CUS-00787,B2C,Chittagong,Chittagong
CUS-00788,B2C,Rangpur,Kurigram
CUS-00789,B2C,Khulna,Satkhira
CUS-00790,B2C,Sylhet,Habiganj
CUS-00792,B2B,Chittagong,Cox's Bazar
CUS-00793,B2B,Chittagong,Cox's Bazar
CUS-00794,B2C,Chittagong,Chittagong
CUS-00796,B2B,Rajshahi,Pabna
CUS-00797,B2C,Chittagong,Cox's Bazar
CUS-00798,B2C,Rajshahi,Pabna
CUS-00800,B2C,Dhaka,Dhaka
CUS-00801,B2C,Khulna,Satkhira
CUS-00803,B2B,Barishal,Barishal
CUS-00804,B2C,Khulna,Jessore
CUS-00805,B2C,Dhaka,Tangail
CUS-00806,B2C,Mymensingh,Jamalpur
CUS-00807,B2C,Chittagong,Cox's Bazar
CUS-00808,B2B,Dhaka,Gazipur
CUS-00809,B2C,Khulna,Satkhira
CUS-00811,B2C,Sylhet,Moulvibazar
CUS-00812,B2C,Sylhet,Habiganj
CUS-00814,B2C,Chittagong,Chittagong
CUS-00815,B2C,Chittagong,Feni
CUS-00817,B2C,Dhaka,Dhaka
CUS-00818,B2C,Chittagong,Feni
CUS-00821,B2C,Chittagong,Chittagong
CUS-00822,B2C,Barishal,Barishal
CUS-00824,B2C,Dhaka,Dhaka
CUS-00825,B2C,Dhaka,Dhaka
CUS-00826,B2C,Dhaka,Narayanganj
CUS-00829,B2C,Rajshahi,Rajshahi
CUS-00830,B2C,Dhaka,Dhaka
CUS-00832,B2B,Dhaka,Gazipur
CUS-00837,B2C,Rajshahi,Rajshahi
CUS-00839,B2B,Dhaka,Gazipur
CUS-00840,B2B,Barishal,Patuakhali
CUS-00842,B2C,Dhaka,Gazipur
CUS-00844,B2B,Dhaka,Narayanganj
CUS-00848,B2C,Chittagong,Chittagong
CUS-00849,B2C,Sylhet,Habiganj
CUS-00852,B2C,Rangpur,Kurigram
CUS-00854,B2C,Chittagong,Cox's Bazar
CUS-00859,B2C,Sylhet,Habiganj
CUS-00861,B2C,Chittagong,Chittagong
CUS-00864,B2C,Khulna,Khulna
CUS-00865,B2C,Dhaka,Dhaka
CUS-00869,B2C,Dhaka,Dhaka
CUS-00870,B2C,Dhaka,Narayanganj
CUS-00873,B2C,Dhaka,Gazipur
CUS-00877,B2B,Dhaka,Gazipur
CUS-00878,B2C,Chittagong,Cox's Bazar
CUS-00881,B2C,Chittagong,Cumilla
CUS-00882,B2C,Mymensingh,Jamalpur
CUS-00885,B2C,Dhaka,Gazipur
CUS-00887,B2C,Rajshahi,Bogura
CUS-00891,B2C,Chittagong,Feni
CUS-00892,B2C,Sylhet,Habiganj
CUS-00893,B2B,Dhaka,Dhaka
CUS-00895,B2C,Dhaka,Gazipur
CUS-00898,B2B,Barishal,Barishal
CUS-00900,B2C,Barishal,Bhola
CUS-00906,B2C,Dhaka,Gazipur
CUS-00907,B2B,Chittagong,Cumilla
CUS-00908,B2C,Dhaka,Tangail
CUS-00910,B2C,Rangpur,Rangpur
CUS-00912,B2C,Dhaka,Gazipur
CUS-00913,B2B,Rangpur,Kurigram
CUS-00914,B2C,Chittagong,Cumilla
CUS-00916,B2B,Rajshahi,Bogura
CUS-00918,B2C,Mymensingh,Jamalpur
CUS-00919,B2C,Dhaka,Tangail
CUS-00921,B2C,Dhaka,Gazipur
CUS-00922,B2C,Dhaka,Dhaka
CUS-00923,B2C,Dhaka,Gazipur
CUS-00924,B2C,Mymensingh,Mymensingh
CUS-00925,B2C,Sylhet,Moulvibazar
CUS-00929,B2B,Dhaka,Dhaka
CUS-00931,B2C,Dhaka,Narayanganj
CUS-00932,B2C,Rajshahi,Pabna
CUS-00933,B2C,Chittagong,Cumilla
CUS-00938,B2C,Rangpur,Rangpur
CUS-00940,B2C,Sylhet,Moulvibazar
CUS-00941,B2C,Chittagong,Feni
CUS-00943,B2C,Dhaka,Dhaka
CUS-00944,B2C,Barishal,Bhola
CUS-00947,B2C,Chittagong,Cox's Bazar
CUS-00948,B2C,Chittagong,Chittagong
CUS-00949,B2C,Khulna,Satkhira
CUS-00950,B2C,Rangpur,Dinajpur
CUS-00951,B2C,Khulna,Jessore
CUS-00952,B2C,Chittagong,Feni
CUS-00954,B2C,Dhaka,Dhaka
CUS-00955,B2C,Dhaka,Dhaka
CUS-00957,B2C,Rajshahi,Rajshahi
CUS-00960,B2C,Sylhet,Habiganj
CUS-00962,B2C,Dhaka,Gazipur
CUS-00963,B2C,Dhaka,Tangail
CUS-00967,B2C,Chittagong,Feni
CUS-00969,B2C,Dhaka,Dhaka
CUS-00970,B2C,Dhaka,Dhaka
CUS-00972,B2C,Khulna,Jessore
CUS-00976,B2C,Chittagong,Chittagong
CUS-00977,B2C,Chittagong,Chittagong
CUS-00980,B2C,Dhaka,Tangail
CUS-00981,B2C,Khulna,Satkhira
CUS-00982,B2C,Dhaka,Gazipur
CUS-00983,B2C,Dhaka,Dhaka
CUS-00985,B2C,Dhaka,Dhaka
CUS-00986,B2C,Sylhet,Moulvibazar
CUS-00987,B2C,Sylhet,Moulvibazar
CUS-00990,B2C,Dhaka,Tangail
CUS-00991,B2B,Rajshahi,Bogura
CUS-00994,B2C,Rangpur,Dinajpur
CUS-00997,B2C,Dhaka,Dhaka
CUS-00999,B2C,Dhaka,Tangail
CUS-01000,B2C,Dhaka,Gazipur
CUS-01001,B2C,Rajshahi,Bogura
CUS-01003,B2C,Rangpur,Dinajpur
CUS-01004,B2C,Khulna,Jessore
CUS-01005,B2C,Dhaka,Tangail
CUS-01007,B2C,Dhaka,Gazipur
CUS-01008,B2C,Dhaka,Gazipur
CUS-01010,B2B,Dhaka,Tangail
CUS-01011,B2C,Chittagong,Cox's Bazar
CUS-01012,B2C,Dhaka,Dhaka
CUS-01013,B2C,Chittagong,Cumilla
CUS-01015,B2C,Sylhet,Moulvibazar
CUS-01016,B2C,Sylhet,Sylhet
CUS-01019,B2C,Dhaka,Tangail
CUS-01020,B2C,Dhaka,Gazipur
CUS-01021,B2C,Sylhet,Habiganj
CUS-01023,B2C,Dhaka,Gazipur
CUS-01024,B2B,Dhaka,Gazipur
CUS-01025,B2C,Dhaka,Tangail
CUS-01026,B2C,Khulna,Satkhira
CUS-01027,B2C,Dhaka,Gazipur
CUS-01028,B2B,Mymensingh,Jamalpur
CUS-01030,B2C,Chittagong,Cox's Bazar
CUS-01032,B2C,Rangpur,Kurigram
CUS-01036,B2C,Sylhet,
CUS-01038,B2C,Khulna,Satkhira
CUS-01041,B2C,Rangpur,Rangpur
CUS-01042,B2B,Dhaka,Narayanganj
CUS-01045,B2C,Rajshahi,Rajshahi
CUS-01046,B2C,Khulna,Khulna
CUS-01049,B2C,Rajshahi,Rajshahi
CUS-01051,B2C,Chittagong,Cumilla
CUS-01052,B2C,Dhaka,Dhaka
CUS-01053,B2C,Dhaka,Dhaka
CUS-01054,B2C,Dhaka,Dhaka
CUS-01055,B2C,Chittagong,Cumilla
CUS-01057,B2C,Khulna,Jessore
CUS-01058,B2C,Khulna,Satkhira
CUS-01060,B2B,Dhaka,Dhaka
CUS-01061,B2C,Dhaka,Dhaka
CUS-01062,B2C,Barishal,Bhola
CUS-01063,B2C,Dhaka,Gazipur
CUS-01065,B2C,Sylhet,Habiganj
CUS-01066,B2C,Chittagong,Cumilla
CUS-01069,B2C,Dhaka,Dhaka
CUS-01070,B2C,Khulna,Jessore
CUS-01071,B2C,Dhaka,Dhaka
CUS-01075,B2C,Khulna,Satkhira
CUS-01076,B2C,Khulna,Jessore
CUS-01077,B2C,Dhaka,Dhaka
CUS-01078,B2C,Dhaka,Dhaka
CUS-01080,B2C,Dhaka,Dhaka
CUS-01081,B2C,Sylhet,Habiganj
CUS-01083,B2C,Rajshahi,Bogura
CUS-01084,B2C,Rajshahi,Bogura
CUS-01085,B2C,Dhaka,Gazipur
CUS-01086,B2C,Chittagong,Cox's Bazar
CUS-01087,B2B,Barishal,Bhola
CUS-01089,B2C,Mymensingh,Netrokona
CUS-01091,B2C,Dhaka,Tangail
CUS-01092,B2C,Chittagong,Chittagong
CUS-01093,B2C,Rangpur,Rangpur
CUS-01094,B2C,Dhaka,Gazipur
CUS-01096,B2C,Barishal,Bhola
CUS-01099,B2B,Rajshahi,Rajshahi
CUS-01100,B2C,Dhaka,Tangail
CUS-01102,B2C,Chittagong,Chittagong
CUS-01103,B2C,Chittagong,Cox's Bazar
CUS-01104,B2C,Sylhet,Habiganj
CUS-01105,B2B,Chittagong,Cox's Bazar
CUS-01108,B2C,Dhaka,Dhaka
CUS-01109,B2C,Chittagong,Cumilla
CUS-01110,B2B,Sylhet,Sylhet
CUS-01111,B2C,Dhaka,Tangail
CUS-01114,B2C,Dhaka,Gazipur
CUS-01115,B2B,Dhaka,Tangail
CUS-01116,B2C,Rangpur,Dinajpur
CUS-01118,B2C,Khulna,Jessore
CUS-01121,B2C,Khulna,Satkhira
CUS-01122,B2C,Chittagong,Chittagong
CUS-01123,B2B,Chittagong,Chittagong
CUS-01124,B2C,Dhaka,Gazipur
CUS-01125,B2C,Dhaka,Narayanganj
CUS-01126,B2B,Dhaka,Dhaka
CUS-01129,B2C,Chittagong,Cox's Bazar
CUS-01131,B2C,Dhaka,Gazipur
CUS-01132,B2B,Rajshahi,Bogura
CUS-01136,B2C,Rajshahi,Bogura
CUS-01137,B2C,Dhaka,Dhaka
CUS-01138,B2C,Dhaka,Gazipur
CUS-01139,B2C,Chittagong,Chittagong
CUS-01140,B2C,Dhaka,Gazipur
CUS-01143,B2C,Khulna,Khulna
CUS-01146,B2C,Dhaka,Dhaka
CUS-01147,B2C,Dhaka,Dhaka
CUS-01148,B2C,Mymensingh,Jamalpur
CUS-01149,B2C,Khulna,Khulna
CUS-01150,B2B,Rajshahi,Rajshahi
CUS-01151,B2B,Dhaka,Narayanganj
CUS-01152,B2B,Chittagong,Chittagong
CUS-01153,B2C,Dhaka,Dhaka
CUS-01154,B2C,Chittagong,Cox's Bazar
CUS-01158,B2C,Chittagong,Chittagong
CUS-01159,B2C,Rangpur,Dinajpur
CUS-01161,B2C,Dhaka,Tangail
CUS-01164,B2C,Chittagong,Cox's Bazar
CUS-01166,B2C,Khulna,Jessore
CUS-01167,B2C,Dhaka,Dhaka
CUS-01168,B2C,Dhaka,Gazipur
CUS-01170,B2C,Sylhet,Moulvibazar
CUS-01171,B2C,Khulna,Khulna
CUS-01172,B2B,Dhaka,Gazipur
CUS-01175,B2C,Dhaka,Tangail
CUS-01176,B2B,Dhaka,Gazipur
CUS-01177,B2C,Rajshahi,Pabna
CUS-01179,B2C,Mymensingh,Jamalpur
CUS-01180,B2B,Barishal,Bhola
CUS-01181,B2C,Khulna,Jessore
CUS-01182,B2C,Chittagong,Chittagong
CUS-01183,B2C,Dhaka,Dhaka
CUS-01184,B2C,Dhaka,Tangail
CUS-01186,B2C,Khulna,Satkhira
CUS-01187,B2C,Chittagong,Feni
CUS-01190,B2B,Chittagong,Cumilla
CUS-01196,B2C,Dhaka,Dhaka
CUS-01197,B2C,Chittagong,Chittagong
CUS-01198,B2C,Dhaka,Gazipur
CUS-01199,B2C,Chittagong,Cumilla
CUS-01201,B2C,Rajshahi,Bogura
CUS-01204,B2B,Barishal,Barishal
CUS-01206,B2B,Barishal,Barishal
CUS-01207,B2C,Dhaka,Narayanganj
CUS-01210,B2C,Rangpur,Rangpur
CUS-01211,B2C,Dhaka,Gazipur
CUS-01212,B2C,Dhaka,Tangail
CUS-01214,B2C,Chittagong,Cox's Bazar
CUS-01215,B2C,Dhaka,Dhaka
CUS-01217,B2C,Chittagong,Chittagong
CUS-01218,B2C,Rangpur,Dinajpur
CUS-01219,B2C,Rajshahi,Rajshahi
CUS-01220,B2C,Chittagong,Cumilla
CUS-01221,B2C,Mymensingh,Mymensingh
CUS-01224,B2C,Dhaka,Dhaka
CUS-01226,B2C,Dhaka,Narayanganj
CUS-01227,B2C,Rangpur,Dinajpur
CUS-01229,B2C,Dhaka,Tangail
CUS-01230,B2C,Khulna,Satkhira
CUS-01231,B2C,Rajshahi,Bogura
CUS-01235,B2C,Sylhet,Habiganj
CUS-01236,B2C,Chittagong,Cumilla
CUS-01237,B2B,Chittagong,Cumilla
CUS-01238,B2C,Dhaka,Narayanganj
CUS-01239,B2B,Dhaka,Narayanganj
CUS-01241,B2C,Dhaka,Dhaka
CUS-01242,B2C,Dhaka,Gazipur
CUS-01243,B2C,Rajshahi,Rajshahi
CUS-01244,B2C,Dhaka,Dhaka
CUS-01245,B2C,Khulna,Jessore
CUS-01246,B2C,Chittagong,Feni
CUS-01249,B2C,Dhaka,Narayanganj
CUS-01251,B2C,Sylhet,Habiganj
CUS-01252,B2C,Mymensingh,Mymensingh
CUS-01253,B2C,Chittagong,Cumilla
CUS-01255,B2C,Barishal,Barishal
CUS-01258,B2C,Chittagong,Feni
CUS-01260,B2C,Dhaka,Gazipur
CUS-01262,B2C,Rajshahi,Rajshahi
CUS-01263,B2C,Rangpur,Rangpur
CUS-01264,B2C,Dhaka,Gazipur
CUS-01271,B2C,Khulna,Satkhira
CUS-01272,B2C,Sylhet,Habiganj
CUS-01273,B2C,Khulna,Khulna
CUS-01275,B2C,Rajshahi,Pabna
CUS-01278,B2B,Dhaka,Gazipur
CUS-01280,B2C,Dhaka,Dhaka
CUS-01281,B2C,Khulna,Khulna
CUS-01282,B2C,Chittagong,Cox's Bazar
CUS-01283,B2B,Khulna,Satkhira
CUS-01290,B2C,Rajshahi,Bogura
CUS-01293,B2C,Chittagong,Cox's Bazar
CUS-01295,B2C,Mymensingh,Jamalpur
CUS-01298,B2C,Dhaka,Gazipur
CUS-01299,B2C,Dhaka,Tangail
CUS-01300,B2C,Sylhet,Moulvibazar
CUS-01302,B2C,Dhaka,Gazipur
CUS-01304,B2C,Dhaka,Gazipur
CUS-01305,B2C,Dhaka,Dhaka
CUS-01306,B2C,Sylhet,Sylhet
CUS-01307,B2C,Sylhet,Moulvibazar
CUS-01308,B2C,Rangpur,Rangpur
CUS-01309,B2C,Barishal,Barishal
CUS-01310,B2C,Rajshahi,Bogura
CUS-01311,B2C,Dhaka,Narayanganj
CUS-01312,B2C,Sylhet,Sylhet
CUS-01313,B2C,Sylhet,Moulvibazar
CUS-01314,B2B,Sylhet,Habiganj
CUS-01315,B2B,Chittagong,Cumilla
CUS-01321,B2B,Dhaka,Dhaka
CUS-01323,B2C,Sylhet,Sylhet
CUS-01324,B2C,Dhaka,Tangail
CUS-01325,B2B,Dhaka,Narayanganj
CUS-01328,B2C,Sylhet,Habiganj
CUS-01329,B2C,Dhaka,Dhaka
CUS-01330,B2C,Sylhet,Sylhet
CUS-01331,B2B,Chittagong,Cox's Bazar
CUS-01332,B2C,Barishal,Barishal
CUS-01334,B2C,Dhaka,Narayanganj
CUS-01335,B2C,Dhaka,Dhaka
CUS-01336,B2C,Dhaka,Dhaka
CUS-01337,B2C,Khulna,Khulna
CUS-01342,B2B,Sylhet,Moulvibazar
CUS-01343,B2C,Mymensingh,Jamalpur
CUS-01344,B2C,Dhaka,Narayanganj
CUS-01345,B2C,Chittagong,Feni
CUS-01349,B2C,Dhaka,Dhaka
CUS-01351,B2C,Dhaka,Narayanganj
CUS-01353,B2B,Khulna,Khulna
CUS-01354,B2C,Dhaka,Narayanganj
CUS-01356,B2C,Rajshahi,Pabna
CUS-01357,B2B,Dhaka,Narayanganj
CUS-01360,B2C,Rangpur,Kurigram
CUS-01361,B2C,Dhaka,Dhaka
CUS-01363,B2C,Dhaka,Gazipur
CUS-01364,B2C,Khulna,Jessore
CUS-01365,B2C,Dhaka,Narayanganj
CUS-01367,B2C,Rajshahi,Pabna
CUS-01368,B2C,Chittagong,Cox's Bazar
CUS-01371,B2B,Chittagong,Feni
CUS-01372,B2C,Dhaka,Tangail
CUS-01373,B2C,Dhaka,Gazipur
CUS-01376,B2B,Rajshahi,Pabna
CUS-01378,B2C,Dhaka,Gazipur
CUS-01379,B2C,Dhaka,Gazipur
CUS-01380,B2C,Chittagong,Cox's Bazar
CUS-01382,B2C,Rangpur,Kurigram
CUS-01383,B2C,Rajshahi,Bogura
CUS-01385,B2C,Khulna,Jessore
CUS-01387,B2C,Chittagong,Cox's Bazar
CUS-01388,B2C,Dhaka,Dhaka
CUS-01389,B2C,Dhaka,Tangail
CUS-01390,B2B,Sylhet,Sylhet
CUS-01391,B2C,Chittagong,Cumilla
CUS-01394,B2C,Barishal,Barishal
CUS-01395,B2C,Rajshahi,Bogura
CUS-01396,B2C,Dhaka,Gazipur
CUS-01398,B2C,Dhaka,Gazipur
CUS-01399,B2C,Rangpur,Dinajpur
CUS-01400,B2C,Khulna,Jessore
CUS-01404,B2C,Sylhet,Moulvibazar
CUS-01405,B2C,Chittagong,Chittagong
CUS-01407,B2C,Dhaka,Dhaka
CUS-01408,B2C,Chittagong,Cox's Bazar
CUS-01409,B2C,Rangpur,Rangpur
CUS-01410,B2C,Dhaka,Dhaka
CUS-01413,B2C,Dhaka,Narayanganj
CUS-01415,B2C,Dhaka,Narayanganj
CUS-01416,B2C,Rajshahi,Bogura
CUS-01420,B2C,Rajshahi,Rajshahi
CUS-01421,B2C,Dhaka,Narayanganj
CUS-01425,B2C,Sylhet,Sylhet
CUS-01426,B2C,Dhaka,Tangail
CUS-01428,B2C,Rajshahi,Pabna
CUS-01430,B2C,Rajshahi,Pabna
CUS-01432,B2C,Dhaka,Narayanganj
CUS-01434,B2B,Chittagong,Chittagong
CUS-01435,B2C,Khulna,Jessore
CUS-01438,B2C,Khulna,Satkhira
CUS-01440,B2C,Chittagong,Cox's Bazar
CUS-01441,B2C,Rajshahi,Pabna
CUS-01443,B2C,Chittagong,Feni
CUS-01445,B2C,Dhaka,Dhaka
CUS-01447,B2C,Barishal,Patuakhali
CUS-01448,B2C,Barishal,Patuakhali
CUS-01449,B2C,Rajshahi,Rajshahi
CUS-01450,B2C,Barishal,Patuakhali
CUS-01453,B2C,Dhaka,Dhaka
CUS-01456,B2C,Chittagong,Chittagong
CUS-01457,B2C,Dhaka,Dhaka
CUS-01458,B2C,Dhaka,Dhaka
CUS-01460,B2B,Dhaka,Tangail
CUS-01464,B2C,Rajshahi,Bogura
CUS-01465,B2C,Barishal,Barishal
CUS-01467,B2C,Dhaka,Narayanganj
CUS-01468,B2B,Rajshahi,Bogura
CUS-01469,B2C,Dhaka,Gazipur
CUS-01470,B2C,Dhaka,Dhaka
CUS-01471,B2C,Dhaka,Tangail
CUS-01473,B2C,Dhaka,Tangail
CUS-01474,B2C,Dhaka,Dhaka
CUS-01476,B2C,Barishal,Bhola
CUS-01477,B2C,Khulna,Satkhira
CUS-01478,B2C,Dhaka,Dhaka
CUS-01479,B2C,Chittagong,Chittagong
CUS-01480,B2C,Chittagong,Cumilla
CUS-01481,B2C,Khulna,Khulna
CUS-01483,B2C,Barishal,Barishal
CUS-01486,B2C,Dhaka,Dhaka
CUS-01488,B2C,Dhaka,Dhaka
CUS-01489,B2C,Chittagong,Cumilla
CUS-01495,B2C,Chittagong,Cox's Bazar
CUS-01496,B2C,Rajshahi,Pabna
CUS-01497,B2C,Khulna,Jessore
CUS-01501,B2C,Khulna,Khulna
CUS-01506,B2C,Sylhet,Moulvibazar
CUS-01507,B2B,Rangpur,Kurigram
CUS-01509,B2B,Khulna,Satkhira
CUS-01510,B2C,Barishal,Patuakhali
CUS-01511,B2C,Dhaka,Tangail
CUS-01512,B2C,Dhaka,Gazipur
CUS-01513,B2C,Rajshahi,Rajshahi
CUS-01518,B2C,Chittagong,Feni
CUS-01519,B2C,Dhaka,Dhaka
CUS-01520,B2C,Dhaka,Narayanganj
CUS-01522,B2C,Dhaka,Gazipur
CUS-01523,B2C,Sylhet,Moulvibazar
CUS-01525,B2C,Khulna,Khulna
CUS-01528,B2B,Dhaka,Gazipur
CUS-01529,B2C,Mymensingh,Mymensingh
CUS-01532,B2C,Dhaka,Tangail
CUS-01533,B2C,Rangpur,Dinajpur
CUS-01538,B2C,Dhaka,Dhaka
CUS-01540,B2C,Rangpur,Dinajpur
CUS-01541,B2C,Dhaka,Gazipur
CUS-01543,B2C,Khulna,Khulna
CUS-01545,B2B,Chittagong,Feni
CUS-01546,B2C,Mymensingh,Jamalpur
CUS-01547,B2C,Khulna,Jessore
CUS-01548,B2C,Dhaka,Dhaka
CUS-01551,B2C,Dhaka,Tangail
CUS-01552,B2C,Chittagong,Cumilla
CUS-01553,B2C,Dhaka,Narayanganj
CUS-01557,B2C,Sylhet,Habiganj
CUS-01558,B2C,Khulna,Jessore
CUS-01559,B2B,Mymensingh,Mymensingh
CUS-01560,B2C,Dhaka,Dhaka
CUS-01563,B2C,Dhaka,Narayanganj
CUS-01564,B2C,Dhaka,Gazipur
CUS-01565,B2C,Sylhet,Sylhet
CUS-01566,B2C,Barishal,Barishal
CUS-01567,B2C,Mymensingh,Mymensingh
CUS-01569,B2C,Barishal,Barishal
CUS-01572,B2B,Barishal,Barishal
CUS-01573,B2C,Khulna,Jessore
CUS-01574,B2C,Dhaka,Tangail
CUS-01578,B2C,Chittagong,Cox's Bazar
CUS-01582,B2C,Chittagong,Cumilla
CUS-01583,B2C,Chittagong,Chittagong
CUS-01584,B2C,Dhaka,Dhaka
CUS-01585,B2C,Rajshahi,Bogura
CUS-01587,B2C,Rangpur,Kurigram
CUS-01588,B2C,Sylhet,Habiganj
CUS-01590,B2C,Chittagong,Cox's Bazar
CUS-01591,B2C,Sylhet,Moulvibazar
CUS-01592,B2B,Dhaka,Gazipur
CUS-01595,B2C,Chittagong,Chittagong
CUS-01596,B2C,Dhaka,Dhaka
CUS-01600,B2C,Chittagong,Feni
CUS-01604,B2B,Chittagong,Chittagong
CUS-01606,B2C,Sylhet,Moulvibazar
CUS-01608,B2C,Chittagong,Chittagong
CUS-01611,B2C,Sylhet,Habiganj
CUS-01612,B2C,Dhaka,Narayanganj
CUS-01613,B2C,Dhaka,Gazipur
CUS-01615,B2C,Chittagong,Cox's Bazar
CUS-01617,B2C,Dhaka,Dhaka
CUS-01619,B2C,Barishal,Bhola
CUS-01620,B2C,Rajshahi,Bogura
CUS-01623,B2B,Mymensingh,Jamalpur
CUS-01624,B2C,Mymensingh,Jamalpur
CUS-01626,B2C,Sylhet,Moulvibazar
CUS-01628,B2C,Dhaka,Narayanganj
CUS-01631,B2C,Rangpur,Kurigram
CUS-01632,B2C,Dhaka,Tangail
CUS-01633,B2C,Chittagong,Cumilla
CUS-01634,B2B,Rangpur,Kurigram
CUS-01635,B2C,Barishal,Barishal
CUS-01636,B2C,Dhaka,Dhaka
CUS-01639,B2C,Dhaka,Narayanganj
CUS-01640,B2C,Mymensingh,Mymensingh
CUS-01641,B2C,Rangpur,Dinajpur
CUS-01642,B2C,Dhaka,Gazipur
CUS-01644,B2C,Dhaka,Dhaka
CUS-01646,B2B,Dhaka,Narayanganj
CUS-01648,B2C,Chittagong,Cox's Bazar
CUS-01649,B2C,Khulna,Satkhira
CUS-01650,B2B,Dhaka,Narayanganj
CUS-01656,B2C,Dhaka,Tangail
CUS-01657,B2B,Khulna,Khulna
CUS-01659,B2C,Barishal,Barishal
CUS-01660,B2C,Khulna,Jessore
CUS-01661,B2C,Dhaka,Gazipur
CUS-01662,B2B,Barishal,Patuakhali
CUS-01663,B2C,Rangpur,Kurigram
CUS-01665,B2C,Chittagong,Chittagong
CUS-01666,B2C,Dhaka,Narayanganj
CUS-01667,B2C,Chittagong,Feni
CUS-01668,B2C,Dhaka,Gazipur
CUS-01669,B2C,Khulna,Satkhira
CUS-01672,B2B,Dhaka,Dhaka
CUS-01673,B2C,Khulna,Satkhira
CUS-01674,B2C,Dhaka,Narayanganj
CUS-01675,B2C,Barishal,Barishal
CUS-01681,B2C,Rajshahi,Rajshahi
CUS-01682,B2C,Dhaka,Dhaka
CUS-01683,B2C,Dhaka,Dhaka
CUS-01684,B2C,Chittagong,Cox's Bazar
CUS-01686,B2C,Rangpur,Dinajpur
CUS-01687,B2B,Dhaka,Gazipur
CUS-01689,B2C,Dhaka,Narayanganj
CUS-01690,B2C,Chittagong,Cox's Bazar
CUS-01692,B2C,Barishal,Barishal
CUS-01699,B2C,Dhaka,Narayanganj
CUS-01700,B2C,Chittagong,Cox's Bazar
CUS-01701,B2C,Dhaka,Dhaka
CUS-01702,B2B,Dhaka,Dhaka
CUS-01703,B2C,Dhaka,Dhaka
CUS-01705,B2C,Dhaka,Tangail
CUS-01709,B2C,Barishal,Barishal
CUS-01710,B2C,Chittagong,Chittagong
CUS-01713,B2C,Dhaka,Gazipur
CUS-01714,B2B,Dhaka,Narayanganj
CUS-01716,B2C,Dhaka,Narayanganj
CUS-01719,B2C,Khulna,Jessore
CUS-01725,B2C,Khulna,Satkhira
CUS-01728,B2B,Khulna,Khulna
CUS-01729,B2C,Rajshahi,Bogura
CUS-01730,B2C,Khulna,Jessore
CUS-01731,B2C,Dhaka,Dhaka
CUS-01732,B2C,Dhaka,Tangail
CUS-01734,B2C,Dhaka,Narayanganj
CUS-01736,B2C,Chittagong,Chittagong
CUS-01737,B2C,Dhaka,Dhaka
CUS-01741,B2C,Sylhet,Habiganj
CUS-01742,B2C,Barishal,Barishal
CUS-01743,B2C,Khulna,Jessore
CUS-01745,B2C,Chittagong,Cumilla
CUS-01746,B2C,Rajshahi,Bogura
CUS-01749,B2C,Barishal,Barishal
CUS-01751,B2C,Rajshahi,Bogura
CUS-01755,B2C,Sylhet,Habiganj
CUS-01756,B2C,Dhaka,Dhaka
CUS-01757,B2C,Chittagong,Cox's Bazar
CUS-01759,B2C,Rajshahi,Rajshahi
CUS-01760,B2C,Rangpur,Rangpur
CUS-01762,B2C,Chittagong,Chittagong
CUS-01766,B2C,Dhaka,Dhaka
CUS-01767,B2C,Sylhet,Habiganj
CUS-01771,B2C,Dhaka,Tangail
CUS-01772,B2C,Khulna,Khulna
CUS-01773,B2C,Dhaka,Tangail
CUS-01774,B2C,Chittagong,Cumilla
CUS-01775,B2C,Chittagong,Chittagong
CUS-01776,B2C,Chittagong,Cumilla
CUS-01777,B2C,Rajshahi,Rajshahi
CUS-01778,B2C,Sylhet,Sylhet
CUS-01780,B2C,Dhaka,Dhaka
CUS-01782,B2C,Chittagong,Cox's Bazar
CUS-01784,B2C,Sylhet,Habiganj
CUS-01785,B2B,Sylhet,Sylhet
CUS-01786,B2C,Dhaka,Gazipur
CUS-01787,B2B,Chittagong,Chittagong
CUS-01790,B2C,Dhaka,Narayanganj
CUS-01792,B2C,Dhaka,Gazipur
CUS-01793,B2C,Dhaka,Gazipur
CUS-01794,B2C,Dhaka,Dhaka
CUS-01797,B2C,Khulna,Jessore
CUS-01799,B2C,Dhaka,Dhaka
CUS-01801,B2C,Dhaka,Narayanganj
CUS-01802,B2C,Dhaka,Gazipur
CUS-01805,B2B,Dhaka,Narayanganj
CUS-01806,B2C,Dhaka,Narayanganj
CUS-01811,B2C,Dhaka,Dhaka
CUS-01812,B2C,Sylhet,Sylhet
CUS-01813,B2C,Dhaka,Gazipur
CUS-01816,B2C,Barishal,Patuakhali
CUS-01818,B2C,Dhaka,Narayanganj
CUS-01819,B2C,Dhaka,Narayanganj
CUS-01823,B2C,Rangpur,Dinajpur
CUS-01824,B2C,Sylhet,Moulvibazar
CUS-01825,B2C,Khulna,Jessore
CUS-01828,B2C,Mymensingh,Mymensingh
CUS-01829,B2C,Chittagong,Cox's Bazar
CUS-01830,B2C,Dhaka,Dhaka
CUS-01831,B2C,Khulna,Jessore
CUS-01833,B2C,Khulna,Khulna
CUS-01834,B2B,Khulna,Jessore
CUS-01835,B2C,Chittagong,Cox's Bazar
CUS-01836,B2C,Sylhet,Sylhet
CUS-01839,B2B,Chittagong,Feni
CUS-01841,B2B,Sylhet,Sylhet
CUS-01844,B2C,Dhaka,Tangail
CUS-01845,B2C,Rangpur,Kurigram
CUS-01849,B2C,Dhaka,Tangail
CUS-01850,B2C,Chittagong,Chittagong
CUS-01852,B2C,Chittagong,Feni
CUS-01853,B2C,Rangpur,Dinajpur
CUS-01854,B2C,Chittagong,Feni
CUS-01855,B2C,Chittagong,Feni
CUS-01856,B2C,Dhaka,Gazipur
CUS-01857,B2C,Sylhet,Moulvibazar
CUS-01858,B2C,Dhaka,Gazipur
CUS-01859,B2C,Barishal,Barishal
CUS-01860,B2C,Rangpur,Dinajpur
CUS-01861,B2C,Rangpur,Dinajpur
CUS-01862,B2C,Chittagong,Chittagong
CUS-01863,B2B,Khulna,Satkhira
CUS-01864,B2C,Sylhet,Habiganj
CUS-01865,B2C,Dhaka,Gazipur
CUS-01866,B2C,Khulna,Khulna
CUS-01870,B2B,Dhaka,Gazipur
CUS-01871,B2B,Dhaka,Narayanganj
CUS-01873,B2C,Khulna,Jessore
CUS-01874,B2C,Dhaka,Gazipur
CUS-01875,B2C,Chittagong,Cumilla
CUS-01877,B2C,Khulna,Jessore
CUS-01878,B2C,Khulna,Khulna
CUS-01879,B2C,Chittagong,Chittagong
CUS-01881,B2C,Dhaka,Dhaka
CUS-01882,B2C,Rajshahi,Pabna
CUS-01883,B2C,Chittagong,Cumilla
CUS-01884,B2C,Chittagong,Chittagong
CUS-01885,B2C,Khulna,Khulna
CUS-01886,B2C,Dhaka,Gazipur
CUS-01889,B2C,Dhaka,Tangail
CUS-01890,B2C,Dhaka,Gazipur
CUS-01892,B2C,Rangpur,Rangpur
CUS-01896,B2C,Khulna,Satkhira
CUS-01897,B2C,Sylhet,Moulvibazar
CUS-01900,B2C,Barishal,Bhola
CUS-01901,B2C,Dhaka,Narayanganj
CUS-01903,B2C,Rangpur,Rangpur
CUS-01905,B2C,Dhaka,Gazipur
CUS-01907,B2C,Dhaka,Dhaka
CUS-01911,B2C,Rajshahi,Bogura
CUS-01912,B2C,Rangpur,Kurigram
CUS-01913,B2C,Chittagong,Cumilla
CUS-01914,B2C,Dhaka,Dhaka
CUS-01916,B2C,Barishal,Barishal
CUS-01917,B2C,Sylhet,Moulvibazar
CUS-01921,B2C,Barishal,Barishal
CUS-01923,B2B,Chittagong,Cumilla
CUS-01925,B2C,Chittagong,Cumilla
CUS-01926,B2C,Chittagong,Cox's Bazar
CUS-01927,B2C,Dhaka,Narayanganj
CUS-01929,B2C,Dhaka,Narayanganj
CUS-01931,B2C,Dhaka,Dhaka
CUS-01933,B2C,Khulna,Satkhira
CUS-01934,B2C,Dhaka,Dhaka
CUS-01935,B2C,Chittagong,Chittagong
CUS-01936,B2C,Rajshahi,Bogura
CUS-01938,B2C,Khulna,Jessore
CUS-01939,B2C,Khulna,Jessore
CUS-01943,B2C,Sylhet,Habiganj
CUS-01945,B2C,Rangpur,Dinajpur
CUS-01946,B2C,Rajshahi,Rajshahi
CUS-01947,B2C,Rajshahi,Pabna
CUS-01948,B2C,Dhaka,Gazipur
CUS-01949,B2C,Chittagong,Cumilla
CUS-01953,B2C,Mymensingh,Netrokona
CUS-01954,B2B,Barishal,Patuakhali
CUS-01955,B2C,Dhaka,Narayanganj
CUS-01956,B2C,Sylhet,Sylhet
CUS-01957,B2C,Chittagong,
CUS-01959,B2B,Dhaka,Narayanganj
CUS-01960,B2B,Khulna,Jessore
CUS-01963,B2B,Khulna,Jessore
CUS-01966,B2B,Dhaka,Tangail
CUS-01967,B2C,Barishal,Patuakhali
CUS-01969,B2C,Dhaka,Gazipur
CUS-01972,B2C,Barishal,Bhola
CUS-01973,B2C,Dhaka,Dhaka
CUS-01976,B2C,Chittagong,Chittagong
CUS-01977,B2C,Mymensingh,Mymensingh
CUS-01978,B2C,Sylhet,Sylhet
CUS-01979,B2B,Dhaka,Dhaka
CUS-01980,B2C,Chittagong,Cox's Bazar
CUS-01981,B2B,Dhaka,Dhaka
CUS-01982,B2C,Chittagong,Cox's Bazar
CUS-01985,B2C,Dhaka,Narayanganj
CUS-01987,B2C,Khulna,Khulna
CUS-01988,B2C,Dhaka,Gazipur
CUS-01989,B2C,Chittagong,Cumilla
CUS-01990,B2C,Khulna,Khulna
CUS-01991,B2C,Chittagong,Cox's Bazar
CUS-01993,B2C,Chittagong,Cumilla
CUS-01996,B2C,Chittagong,Chittagong
CUS-01997,B2C,Dhaka,Gazipur
CUS-02001,B2C,Dhaka,Dhaka
CUS-02002,B2C,Dhaka,Dhaka
CUS-02003,B2B,Chittagong,Cumilla
CUS-02004,B2C,Dhaka,Narayanganj
CUS-02006,B2B,Dhaka,Tangail
CUS-02008,B2C,Chittagong,Cox's Bazar
CUS-02013,B2C,Dhaka,Narayanganj
CUS-02015,B2C,Dhaka,Narayanganj
CUS-02018,B2B,Rajshahi,Bogura
CUS-02020,B2C,Rangpur,Dinajpur
CUS-02021,B2C,Rangpur,Dinajpur
CUS-02022,B2C,Dhaka,Dhaka
CUS-02023,B2C,Dhaka,Narayanganj
CUS-02025,B2B,Barishal,Barishal
CUS-02027,B2C,Barishal,Patuakhali
CUS-02028,B2C,Dhaka,Tangail
CUS-02030,B2C,Chittagong,Chittagong
CUS-02034,B2C,Chittagong,Chittagong
CUS-02035,B2C,Dhaka,Dhaka
CUS-02040,B2C,Chittagong,
CUS-02041,B2B,Sylhet,Sylhet
CUS-02042,B2C,Barishal,Barishal
CUS-02043,B2C,Dhaka,Gazipur
CUS-02044,B2C,Chittagong,Cox's Bazar
CUS-02045,B2C,Dhaka,Tangail
CUS-02046,B2C,Dhaka,Dhaka
CUS-02048,B2C,Barishal,Barishal
CUS-02050,B2C,Sylhet,Sylhet
CUS-02052,B2C,Rangpur,Kurigram
CUS-02054,B2C,Barishal,Patuakhali
CUS-02055,B2C,Dhaka,Gazipur
CUS-02058,B2C,Dhaka,Gazipur
CUS-02059,B2C,Rajshahi,Bogura
CUS-02061,B2C,Dhaka,Gazipur
CUS-02063,B2C,Khulna,Jessore
CUS-02066,B2C,Dhaka,Dhaka
CUS-02067,B2C,Dhaka,Dhaka
CUS-02071,B2C,Dhaka,Gazipur
CUS-02074,B2C,Dhaka,Tangail
CUS-02075,B2C,Chittagong,Feni
CUS-02076,B2B,Barishal,Barishal
CUS-02078,B2B,Dhaka,Dhaka
CUS-02079,B2C,Rajshahi,Bogura
CUS-02080,B2C,Khulna,Jessore
CUS-02084,B2C,Khulna,Jessore
CUS-02085,B2C,Dhaka,Dhaka
CUS-02088,B2C,Dhaka,Gazipur
CUS-02089,B2C,Rangpur,Rangpur
CUS-02090,B2B,Sylhet,Moulvibazar
CUS-02091,B2C,Rajshahi,Pabna
CUS-02092,B2C,Dhaka,Dhaka
CUS-02093,B2C,Dhaka,Narayanganj
CUS-02096,B2B,Mymensingh,Mymensingh
CUS-02099,B2C,Dhaka,Dhaka
CUS-02101,B2C,Dhaka,Tangail
CUS-02102,B2C,Chittagong,Cox's Bazar
CUS-02104,B2C,Barishal,Bhola
CUS-02107,B2C,Sylhet,Moulvibazar
CUS-02108,B2C,Dhaka,Dhaka
CUS-02109,B2C,Sylhet,Moulvibazar
CUS-02110,B2C,Dhaka,Dhaka
CUS-02114,B2C,Dhaka,Dhaka
CUS-02115,B2C,Dhaka,Narayanganj
CUS-02118,B2B,Khulna,Satkhira
CUS-02120,B2B,Rangpur,Kurigram
CUS-02121,B2C,Dhaka,Gazipur
CUS-02122,B2C,Chittagong,Chittagong
CUS-02123,B2C,Chittagong,Chittagong
CUS-02124,B2C,Rajshahi,Bogura
CUS-02125,B2C,Dhaka,Gazipur
CUS-02129,B2C,Dhaka,Narayanganj
CUS-02130,B2C,Khulna,Jessore
CUS-02133,B2C,Rangpur,Dinajpur
CUS-02134,B2B,Chittagong,Cox's Bazar
CUS-02135,B2C,Dhaka,Dhaka
CUS-02136,B2C,Dhaka,Gazipur
CUS-02138,B2C,Dhaka,Narayanganj
CUS-02140,B2C,Chittagong,Chittagong
CUS-02141,B2C,Rangpur,Dinajpur
CUS-02142,B2C,Chittagong,Cox's Bazar
CUS-02143,B2C,Rajshahi,Rajshahi
CUS-02145,B2C,Chittagong,Feni
CUS-02146,B2C,Dhaka,Dhaka
CUS-02147,B2C,Chittagong,Cumilla
CUS-02149,B2C,Rajshahi,Rajshahi
CUS-02150,B2C,Rangpur,Kurigram
CUS-02153,B2C,Chittagong,Chittagong
CUS-02154,B2C,Chittagong,Cumilla
CUS-02156,B2C,Rajshahi,Rajshahi
CUS-02160,B2B,Barishal,Barishal
CUS-02161,B2C,Rajshahi,Bogura
CUS-02162,B2B,Chittagong,Cumilla
CUS-02164,B2C,Sylhet,Habiganj
CUS-02165,B2C,Chittagong,Chittagong
CUS-02166,B2B,Dhaka,Narayanganj
CUS-02167,B2C,Chittagong,Cumilla
CUS-02169,B2C,Dhaka,Dhaka
CUS-02171,B2C,Khulna,Khulna
CUS-02174,B2C,Khulna,Khulna
CUS-02176,B2C,Dhaka,Gazipur
CUS-02178,B2C,Chittagong,Chittagong
CUS-02179,B2C,Khulna,Khulna
CUS-02180,B2C,Dhaka,Dhaka
CUS-02182,B2C,Dhaka,Tangail
CUS-02184,B2C,Chittagong,Cumilla
CUS-02186,B2C,Dhaka,Tangail
CUS-02187,B2B,Dhaka,Dhaka
CUS-02188,B2B,Mymensingh,Jamalpur
CUS-02189,B2C,Dhaka,Tangail
CUS-02190,B2C,Chittagong,Chittagong
CUS-02192,B2B,Dhaka,Gazipur
CUS-02193,B2C,Sylhet,Moulvibazar
CUS-02198,B2C,Barishal,Barishal
CUS-02200,B2C,Dhaka,Narayanganj
CUS-02201,B2C,Dhaka,Narayanganj
CUS-02202,B2C,Rajshahi,Pabna
CUS-02205,B2C,Dhaka,Dhaka
CUS-02206,B2C,Dhaka,Gazipur
CUS-02208,B2B,Mymensingh,Jamalpur
CUS-02210,B2C,Khulna,Jessore
CUS-02211,B2C,Chittagong,Cox's Bazar
CUS-02212,B2C,Chittagong,Chittagong
CUS-02213,B2C,Dhaka,Narayanganj
CUS-02214,B2C,Sylhet,Moulvibazar
CUS-02215,B2C,Chittagong,Cox's Bazar
CUS-02216,B2B,Chittagong,Feni
CUS-02217,B2B,Dhaka,Narayanganj
CUS-02218,B2C,Dhaka,Gazipur
CUS-02219,B2B,Dhaka,Gazipur
CUS-02220,B2C,Rajshahi,Rajshahi
CUS-02221,B2C,Dhaka,Narayanganj
CUS-02224,B2C,Chittagong,Feni
CUS-02227,B2C,Dhaka,Gazipur
CUS-02228,B2C,Dhaka,Narayanganj
CUS-02231,B2C,Dhaka,Dhaka
CUS-02233,B2C,Dhaka,Tangail
CUS-02234,B2C,Dhaka,Dhaka
CUS-02235,B2C,Dhaka,Gazipur
CUS-02237,B2C,Dhaka,Tangail
CUS-02240,B2C,Dhaka,Narayanganj
CUS-02241,B2B,Khulna,Khulna
CUS-02244,B2C,Khulna,Khulna
CUS-02245,B2C,Dhaka,Gazipur
CUS-02248,B2C,Dhaka,Dhaka
CUS-02251,B2B,Chittagong,Feni
CUS-02252,B2C,Chittagong,Chittagong
CUS-02253,B2C,Dhaka,Gazipur
CUS-02254,B2C,Khulna,Jessore
CUS-02255,B2C,Barishal,Bhola
CUS-02256,B2C,Mymensingh,Mymensingh
CUS-02260,B2B,Dhaka,Narayanganj
CUS-02261,B2C,Chittagong,Cumilla
CUS-02263,B2C,Rangpur,Dinajpur
CUS-02265,B2C,Dhaka,Gazipur
CUS-02266,B2C,Chittagong,Feni
CUS-02267,B2C,Sylhet,Habiganj
CUS-02268,B2C,Khulna,Satkhira
CUS-02274,B2C,Chittagong,Cox's Bazar
CUS-02275,B2C,Chittagong,Chittagong
CUS-02276,B2C,Chittagong,Feni
CUS-02278,B2C,Dhaka,Tangail
CUS-02282,B2C,Dhaka,Gazipur
CUS-02283,B2C,Chittagong,Cumilla
CUS-02286,B2B,Khulna,Khulna
CUS-02287,B2C,Chittagong,Cox's Bazar
CUS-02288,B2C,Mymensingh,Netrokona
CUS-02289,B2C,Khulna,Jessore
CUS-02291,B2C,Dhaka,Gazipur
CUS-02292,B2C,Chittagong,Chittagong
CUS-02294,B2C,Chittagong,Chittagong
CUS-02296,B2C,Dhaka,Gazipur
CUS-02301,B2C,Chittagong,Cumilla
CUS-02302,B2C,Sylhet,Sylhet
CUS-02305,B2B,Chittagong,Feni
CUS-02306,B2C,Rangpur,Dinajpur
CUS-02307,B2B,Chittagong,Chittagong
CUS-02308,B2C,Dhaka,Tangail
CUS-02311,B2B,Sylhet,Moulvibazar
CUS-02312,B2C,Mymensingh,Mymensingh
CUS-02313,B2C,Dhaka,Tangail
CUS-02314,B2C,Dhaka,Tangail
CUS-02315,B2C,Khulna,Khulna
CUS-02320,B2C,Dhaka,Dhaka
CUS-02321,B2B,Dhaka,Narayanganj
CUS-02322,B2C,Chittagong,Cox's Bazar
CUS-02325,B2C,Dhaka,Dhaka
CUS-02326,B2C,Khulna,Khulna
CUS-02327,B2C,Khulna,Khulna
CUS-02329,B2C,Khulna,Satkhira
CUS-02334,B2C,Chittagong,Chittagong
CUS-02336,B2C,Rajshahi,Bogura
CUS-02338,B2C,Dhaka,Tangail
CUS-02340,B2C,Chittagong,Feni
CUS-02341,B2C,Dhaka,Dhaka
CUS-02342,B2C,Dhaka,Dhaka
CUS-02345,B2C,Dhaka,Gazipur
CUS-02346,B2B,Dhaka,Tangail
CUS-02347,B2C,Sylhet,Habiganj
CUS-02348,B2C,Dhaka,Dhaka
CUS-02349,B2C,Sylhet,Habiganj
CUS-02351,B2C,Rangpur,Kurigram
CUS-02352,B2C,Chittagong,Feni
CUS-02354,B2C,Chittagong,Feni
CUS-02355,B2C,Khulna,Khulna
CUS-02357,B2C,Dhaka,Tangail
CUS-02359,B2C,Chittagong,Cox's Bazar
CUS-02362,B2C,Khulna,Satkhira
CUS-02364,B2C,Rajshahi,Rajshahi
CUS-02365,B2C,Chittagong,Cumilla
CUS-02368,B2C,Dhaka,Narayanganj
CUS-02370,B2C,Dhaka,Tangail
CUS-02371,B2C,Dhaka,Narayanganj
CUS-02372,B2B,Chittagong,Chittagong
CUS-02374,B2C,Rajshahi,Rajshahi
CUS-02375,B2C,Dhaka,Dhaka
CUS-02377,B2C,Khulna,Jessore
CUS-02378,B2C,Rajshahi,Rajshahi
CUS-02380,B2C,Rajshahi,Rajshahi
CUS-02381,B2B,Khulna,Khulna
CUS-02382,B2C,Chittagong,Feni
CUS-02383,B2C,Dhaka,Gazipur
CUS-02384,B2C,Dhaka,Dhaka
CUS-02385,B2C,Chittagong,Chittagong
CUS-02395,B2C,Dhaka,Dhaka
CUS-02396,B2B,Mymensingh,Mymensingh
CUS-02399,B2C,Mymensingh,Mymensingh
CUS-02400,B2C,Dhaka,Tangail
CUS-02401,B2C,Khulna,Jessore
CUS-02403,B2C,Khulna,
CUS-02406,B2C,Khulna,Jessore
CUS-02409,B2C,Dhaka,Narayanganj
CUS-02410,B2C,Dhaka,Narayanganj
CUS-02411,B2C,Dhaka,Tangail
CUS-02413,B2C,Barishal,Patuakhali
CUS-02416,B2C,Chittagong,Feni
CUS-02417,B2C,Dhaka,Dhaka
CUS-02420,B2C,Chittagong,Cox's Bazar
CUS-02423,B2B,Dhaka,Dhaka
CUS-02424,B2C,Rajshahi,Pabna
CUS-02426,B2C,Khulna,Jessore
CUS-02428,B2C,Chittagong,Cumilla
CUS-02430,B2C,Rajshahi,Pabna
CUS-02431,B2C,Chittagong,Feni
CUS-02432,B2C,Khulna,Khulna
CUS-02433,B2C,Dhaka,Narayanganj
CUS-02435,B2C,Khulna,Satkhira
CUS-02436,B2C,Dhaka,Tangail
CUS-02439,B2C,Dhaka,Tangail
CUS-02441,B2C,Chittagong,Cumilla
CUS-02443,B2C,Chittagong,Cox's Bazar
CUS-02444,B2C,Dhaka,Dhaka
CUS-02446,B2C,Rajshahi,Bogura
CUS-02450,B2C,Khulna,Khulna
CUS-02451,B2C,Dhaka,Tangail
CUS-02452,B2C,Dhaka,Narayanganj
CUS-02454,B2C,Sylhet,Habiganj
CUS-02455,B2C,Rajshahi,Bogura
CUS-02458,B2C,Khulna,Khulna
CUS-02459,B2C,Chittagong,Feni
CUS-02460,B2C,Khulna,Jessore
CUS-02461,B2B,Dhaka,Tangail
CUS-02462,B2B,Khulna,Khulna
CUS-02463,B2C,Sylhet,Moulvibazar
CUS-02465,B2C,Dhaka,Dhaka
CUS-02467,B2C,Khulna,Jessore
CUS-02469,B2B,Barishal,Patuakhali
CUS-02470,B2C,Dhaka,Dhaka
CUS-02471,B2C,Rajshahi,Rajshahi
CUS-02472,B2C,Chittagong,Chittagong
CUS-02473,B2C,Barishal,Patuakhali
CUS-02474,B2C,Chittagong,Cox's Bazar
CUS-02476,B2C,Khulna,Jessore
CUS-02478,B2C,Mymensingh,Mymensingh
CUS-02479,B2C,Dhaka,Dhaka
CUS-02480,B2C,Dhaka,Gazipur
CUS-02481,B2C,Rangpur,Dinajpur
CUS-02482,B2C,Chittagong,Cumilla
CUS-02483,B2C,Khulna,Jessore
CUS-02486,B2C,Rajshahi,Bogura
CUS-02488,B2C,Dhaka,Dhaka
CUS-02490,B2C,Sylhet,Sylhet
CUS-02491,B2C,Dhaka,Gazipur
CUS-02492,B2C,Barishal,Barishal
CUS-02493,B2C,Dhaka,Gazipur
CUS-02497,B2C,Chittagong,Chittagong
CUS-02498,B2C,Rajshahi,Bogura
CUS-02499,B2C,Dhaka,Gazipur
CUS-02501,B2C,Mymensingh,Mymensingh
CUS-02502,B2C,Rajshahi,Rajshahi
CUS-02503,B2C,Khulna,Jessore
CUS-02504,B2C,Dhaka,Narayanganj
CUS-02505,B2C,Dhaka,Gazipur
CUS-02507,B2C,Chittagong,Cox's Bazar
CUS-02509,B2C,Chittagong,Cumilla
CUS-02510,B2B,Sylhet,Habiganj
CUS-02512,B2C,Dhaka,Tangail
CUS-02514,B2C,Chittagong,Cox's Bazar
CUS-02516,B2C,Rangpur,Rangpur
CUS-02518,B2C,Rangpur,Dinajpur
CUS-02520,B2C,Mymensingh,Jamalpur
CUS-02525,B2B,Barishal,Bhola
CUS-02526,B2C,Dhaka,Gazipur
CUS-02528,B2C,Chittagong,Cox's Bazar
CUS-02530,B2C,Chittagong,Feni
CUS-02531,B2C,Chittagong,Feni
CUS-02532,B2C,Dhaka,Dhaka
CUS-02533,B2C,Dhaka,Dhaka
CUS-02535,B2B,Dhaka,Gazipur
CUS-02536,B2C,Khulna,Satkhira
CUS-02537,B2C,Rangpur,Rangpur
CUS-02539,B2C,Khulna,Khulna
CUS-02540,B2B,Dhaka,Dhaka
CUS-02541,B2C,Khulna,Khulna
CUS-02542,B2C,Dhaka,Gazipur
CUS-02543,B2C,Rajshahi,Bogura
CUS-02546,B2B,Khulna,Satkhira
CUS-02553,B2B,Dhaka,Tangail
CUS-02554,B2C,Chittagong,Cumilla
CUS-02556,B2C,Rajshahi,Rajshahi
CUS-02557,B2C,Dhaka,Narayanganj
CUS-02560,B2C,Dhaka,Dhaka
CUS-02561,B2C,Khulna,Khulna
CUS-02562,B2C,Dhaka,
CUS-02565,B2C,Khulna,Jessore
CUS-02567,B2C,Dhaka,Tangail
CUS-02569,B2C,Dhaka,Dhaka
CUS-02570,B2C,Rajshahi,Bogura
CUS-02571,B2C,Chittagong,Cox's Bazar
CUS-02572,B2C,Rajshahi,Pabna
CUS-02573,B2C,Dhaka,Gazipur
CUS-02577,B2B,Dhaka,Narayanganj
CUS-02578,B2C,Sylhet,Habiganj
CUS-02582,B2C,Dhaka,Dhaka
CUS-02583,B2C,Barishal,Bhola
CUS-02586,B2B,Chittagong,Chittagong
CUS-02588,B2C,Rangpur,Kurigram
CUS-02590,B2C,Khulna,Satkhira
CUS-02591,B2C,Chittagong,Chittagong
CUS-02592,B2C,Dhaka,Narayanganj
CUS-02594,B2B,Khulna,Khulna
CUS-02596,B2C,Dhaka,Narayanganj
CUS-02599,B2C,Dhaka,Tangail
